<?xml version="1.0" encoding="utf-8"?>
<Package
  xmlns="http://schemas.microsoft.com/appx/manifest/foundation/windows10"
  xmlns:mp="http://schemas.microsoft.com/appx/2014/phone/manifest"
  xmlns:uap="http://schemas.microsoft.com/appx/manifest/uap/windows10"
  IgnorableNamespaces="uap mp">

  <Identity
    Name="1b432e74-481a-42f9-ad1e-d5b8a52351d5"
    Version="1.0.0.0"
    Publisher="CN=Aditya" />

  <mp:PhoneIdentity PhoneProductId="1b432e74-481a-42f9-ad1e-d5b8a52351d5" PhonePublisherId="00000000-0000-0000-0000-000000000000" />

  <Properties>
    <DisplayName>ElectrodePlacement</DisplayName>
    <PublisherDisplayName>Aditya</PublisherDisplayName>
    <Logo>images\storelogo.png</Logo>
  </Properties>

  <Dependencies>
    <TargetDeviceFamily Name="Windows.Universal" MinVersion="10.0.0.0" MaxVersionTested="10.0.0.0" />
  </Dependencies>

  <Resources>
    <Resource Language="x-generate" />
  </Resources>

  <Applications>
    <Application 
      Id="App"
      StartPage="index.html">

      <uap:VisualElements
        DisplayName="ElectrodePlacement"
        Description="ElectrodePlacement"
        BackgroundColor="transparent"
        Square150x150Logo="images\Square150x150Logo.png"
        Square44x44Logo="images\Square44x44Logo.png">

        <uap:DefaultTile Wide310x150Logo="images\Wide310x150Logo.png" />
        <uap:SplashScreen Image="images\splashscreen.png" />

      </uap:VisualElements>
    </Application>
  </Applications>

  <Capabilities>
    <Capability Name="internetClient" />
  </Capabilities>

</Package>
